Timestamp,ParticipantID,ParticipantSex,ParticipantAge
20260110,99,Male,23
20260110,99,Male,23
20260110,99,Male,23
20260111,99,Male,23
20260111,99,Male,23
20260111,99,Male,23
20260111,99,Male,23
20260111,99,Male,23
20260111,99,Male,23
20260111,99,Male,23
20260111,99,Male,23
20260111,99,Male,23
20260111,99,Male,23
20260111,99,Male,23
20260111,99,Male,23
20260111,99,Male,23
20260111,99,Male,23
20260111,99,Male,23
20260111,99,Male,23
20260111,99,Male,23
20260111,99,Male,23
20260111,99,Male,23
20260111,99,Male,23
20260111,99,Male,23
20260111,99,Male,23
20260111,99,Male,23
20260111,99,Male,23
20260111,99,Male,23
20260111,99,Male,23
20260111,99,Male,23
20260111,99,Male,23
20260111,99,Male,23
20260111,99,Male,23
20260111,99,Male,23
20260111,99,Male,23
20260111,99,Male,23
20260112,99,Male,23
20260112,99,Male,23
20260112,99,Male,23
